{"count":1,"gauges":{},"self":10.8553424,"total":10.9001735,"children":{"AgentResetIfDone":{"count":514,"self":0.0049682,"total":0.0049682,"children":null},"AgentSendState":{"count":514,"self":0.0149076,"total":0.021882799999999997,"children":{"CollectObservations":{"count":1028,"self":0.0069752,"total":0.0069752,"children":null}}},"DecideAction":{"count":514,"self":0.003991,"total":0.003991,"children":null},"AcademyStep":{"count":514,"self":0.001996,"total":0.001996,"children":null},"AgentAct":{"count":514,"self":0.010992799999999999,"total":0.010992799999999999,"children":null}}}